Feature,Doc,Doc Link,Domain,Has Help Center,Help Center Link,Status,Test,Test Link
Login,Yes,https://www.notion.so/Customer-Login-2b0a781ca5098016b7d1cea9a52cf1ae,Login,No,,Dev Complete (Untested),Yes,https://docs.google.com/spreadsheets/d/1n2wFk6MGI2NsmA70KD9FAn7_O46AxdTaZlyVThnelnU/edit?gid=1863474365#gid=1863474365
Ruleset,Yes,https://www.notion.so/Cart-2b3a781ca5098041ad94d8bbc332619c,Web3,No,,Dev Complete (Untested),Yes,https://docs.google.com/spreadsheets/d/1n2wFk6MGI2NsmA70KD9FAn7_O46AxdTaZlyVThnelnU/edit?gid=1863474365#gid=1863474365
Cart Overlay,Yes,https://www.notion.so/Cart-2b3a781ca5098041ad94d8bbc332619c,Cart,No,,Dev Complete (Untested),Yes,https://docs.google.com/spreadsheets/d/1n2wFk6MGI2NsmA70KD9FAn7_O46AxdTaZlyVThnelnU/edit?gid=1863474365#gid=1863474365
Add to Cart,Yes,https://www.notion.so/Cart-2b3a781ca5098041ad94d8bbc332619c,Cart,No,,Dev Complete (Untested),Yes,https://docs.google.com/spreadsheets/d/1n2wFk6MGI2NsmA70KD9FAn7_O46AxdTaZlyVThnelnU/edit?gid=1863474365#gid=1863474365
Currency,No,,Currency,No,,Refactor Needed,No,
Product Detail Page (PDP),Yes,https://www.notion.so/Product-Detail-Page-PDP-2b0a781ca50980f491e8cd50e60f4c39,Product Listing Page,No,,Dev Complete (Untested),Yes,https://docs.google.com/spreadsheets/d/1n2wFk6MGI2NsmA70KD9FAn7_O46AxdTaZlyVThnelnU/edit?gid=1863474365#gid=1863474365
Product,Yes,https://www.notion.so/Product-Listing-Page-PLP-2b0a781ca5098007a7dac3ba5a6ab8a0,Product Listing Page,No,,Dev Complete (Untested),Yes,https://docs.google.com/spreadsheets/d/1n2wFk6MGI2NsmA70KD9FAn7_O46AxdTaZlyVThnelnU/edit?gid=1863474365#gid=1863474365
Design,Yes,https://www.notion.so/Shop-Builder-Designer-Canvas-2b0a781ca50980e6943cc78bc7f1194e?pvs=24,Product Listing Page,No,,Dev Complete (Untested),Yes,https://docs.google.com/spreadsheets/d/1n2wFk6MGI2NsmA70KD9FAn7_O46AxdTaZlyVThnelnU/edit?gid=1863474365#gid=1863474365
Claim NFT,No,,Web3,No,,In Progress,No,